"PC1","PC2","PC3","BrainRegion","MouseID","Treatment","Sex","SlideNumber","ID","UniqueID","Foreground.pixels","Density.of.foreground.pixels.in.hull.area","Span.ratio.of.hull..major.minor.axis.","Maximum.span.across.hull","Area","Perimeter","Circularity","Width.of.bounding.rectangle","Height.of.bounding.rectangle","Maximum.radius.from.hull.s.center.of.mass","Max.min.radii.from.hull.s.center.of.mass","Relative.variation..CV..in.radii.from.hull.s.center.of.mass","Mean.radius","Diameter.of.bounding.circle","Maximum.radius.from.circle.s.center.of.mass","Max.min.radii.from.circle.s.center.of.mass","Relative.variation..CV..in.radii.from.circle.s.center.of.mass","Mean.radius.from.circle.s.center.of.mass","X..of.branches","X..of.junctions","X..of.end.point.voxels","X..of.junction.voxels","X..of.slab.voxels","Average.branch.length","X..of.triple.points","X..of.quadruple.points","Maximum.branch.length","Cluster"
0.0108945519761731,-0.642099728718238,-1.81667050511853,"PVN","AL47","CON","M","s07","0001-0379","PVN_AL47_CON_M_s07_0001-0379",14454,0.5935,1.6892,248.6705,24354,618.2282,0.8007,229,176,132.6632,2.3893,0.1768,107.5778,248.6705,124.3352,3.3097,0.1732,109.834,32,18,10,30,552,0.074,18,0,0.169,"3"
-1.002419108212,0.598966245803906,0.770538857034802,"PVN","AL47","CON","M","s07","0002-1034","PVN_AL47_CON_M_s07_0002-1034",9681,0.5892,1.9009,207.7137,16430,520.0228,0.7635,127,206,122.5601,1.8866,0.2017,91.0329,207.7308,103.8654,1.4716,0.1063,93.7642,5,2,4,6,270,0.213,2,0,0.465,"1"
-0.938174398911366,-0.65907736509923,0.330414875433454,"PVN","AL47","CON","M","s07","0003-2194","PVN_AL47_CON_M_s07_0003-2194",14926,0.7702,1.203,189.4228,19379,530.2592,0.8661,186,166,99.6493,1.5381,0.1293,85.1551,192.8024,96.4012,1.3771,0.1301,84.8347,10,5,5,11,371,0.154,5,0,0.318,"1"
-0.145420474912262,-1.23447441481856,0.1433584623479,"PVN","AL47","CON","M","s07","0004-2300","PVN_AL47_CON_M_s07_0004-2300",19320,0.6275,1.4029,243.8237,30791,676.2069,0.8462,241,183,132.13,1.5577,0.0956,115.532,246.2494,123.1247,1.5196,0.0778,117.0998,22,11,11,13,504,0.095,11,0,0.333,"1"
-1.59076449249003,-0.0623996510838579,-0.540293857870738,"PVN","AL47","CON","M","s07","0005-2338","PVN_AL47_CON_M_s07_0005-2338",8388,0.7923,1.5344,158.3824,10587,397.5948,0.8416,102,156,81.8761,1.738,0.1748,66.6284,158.3824,79.1912,1.7755,0.1695,67.2222,7,3,5,5,202,0.118,3,0,0.228,"1"
0.461711084584163,-1.0421486278179,1.52524342466821,"PVN","AL47","CON","M","s07","0006-2710","PVN_AL47_CON_M_s07_0006-2710",24151,0.4492,1.4166,316.7112,53765,890.8867,0.8513,298,300,171.0872,1.4639,0.1078,149.3727,318.2549,159.1275,1.112,0.0348,151.9051,19,10,8,22,725,0.156,10,0,0.679,"3"
-0.0315819148666014,0.107520258815283,-0.106871957000365,"PVN","AL47","CON","M","s07","0007-3048","PVN_AL47_CON_M_s07_0007-3048",15041,0.5135,1.6103,278.6055,29293,691.0317,0.7709,179,267,161.4979,2.038,0.2397,111.9228,278.6055,139.3027,2.01,0.1654,119.1791,14,7,7,13,536,0.153,7,0,0.445,"3"
0.464250648864153,-0.126929516552092,0.399305112891792,"PVN","AL47","CON","M","s07","0008-3098","PVN_AL47_CON_M_s07_0008-3098",17249,0.3978,1.9988,344.3792,43363,846.9755,0.7596,280,272,192.9721,2.1406,0.2289,149.7364,344.3792,172.1896,1.391,0.0986,155.0796,17,8,10,14,562,0.133,8,0,0.381,"3"
-0.501546313039044,1.97989851698445,-2.16237717237225,"PVN","AL47","CON","M","s07","0009-3085","PVN_AL47_CON_M_s07_0009-3085",7722,0.6068,2.4781,235.5101,12726,535.4239,0.5578,228,115,141.3384,4.8258,0.3347,105.3911,235.5101,117.755,4.3938,0.2374,99.6887,9,4,6,8,302,0.136,4,0,0.282,"1"
0.330985789574386,-0.6892244942978,1.12368792669388,"PVN","AL47","CON","M","s07","0010-3578","PVN_AL47_CON_M_s07_0010-3578",19866,0.4466,1.2491,301.0598,44479,824.0095,0.8232,265,270,178.3148,1.8975,0.1594,136.5908,303.9155,151.9577,1.2716,0.064,143.7474,16,7,9,19,649,0.169,5,2,0.598,"3"
1.49983800625397,-0.0353635098371649,2.51859903234054,"PVN","AL51","CON","M","s07","0001-1237","PVN_AL51_CON_M_s07_0001-1237",28944,0.2304,1.5807,526.3858,125602,1436.0745,0.7653,504,443,280.8799,1.8119,0.108,256.1067,529.0482,264.5241,1.55,0.0765,257.0108,16,8,8,22,1206,0.302,8,0,0.805,"2"
0.860803219590883,0.402833064003123,0.820812906758984,"PVN","AL51","CON","M","s07","0002-1573","PVN_AL51_CON_M_s07_0002-1573",23021,0.4213,2.5725,429.0839,54640,1045.4158,0.6283,423,219,233.0873,2.2489,0.2359,192.8297,429.7354,214.8677,1.2722,0.082,202.6313,15,7,9,13,676,0.187,7,0,0.395,"3"
-0.583409262358204,0.03202998310941,1.23917839792557,"PVN","AL51","CON","M","s07","0003-3582","PVN_AL51_CON_M_s07_0003-3582",13514,0.5544,1.7425,233.4995,24376,630.0941,0.7715,181,230,144.9581,1.64,0.1698,109.1253,239.1503,119.5752,1.1916,0.0552,114.0697,7,3,5,7,312,0.184,3,0,0.437,"1"
-0.407730578763304,-0.51149553759279,0.120621953909172,"PVN","AL55","CON","M","s07","0001-0257","PVN_AL55_CON_M_s07_0001-0257",20678,0.8157,1.5276,233.4524,25349,609.5863,0.8572,231,175,125.8861,1.6126,0.1502,101.7342,233.4524,116.7262,1.6305,0.1572,100.9551,14,7,7,11,557,0.162,7,0,0.441,"1"
-2.55182585299818,-0.405279764114132,0.608752263767365,"PVN","AL55","CON","M","s07","0002-3528","PVN_AL55_CON_M_s07_0002-3528",7232,0.9683,1.2437,111.463,7469,314.017,0.9518,111,92,57.3061,1.3172,0.0791,50.3653,111.5294,55.7647,1.3088,0.0841,50.4772,3,1,3,3,110,0.155,1,0,0.246,"1"
-0.322299577055004,2.02931670323476,1.54413693464607,"PVN","AL59","CON","F","s07","0001-0555","PVN_AL59_CON_F_s07_0001-0555",12001,0.3914,1.4963,274.4485,30661,706.8397,0.7712,234,219,175.6265,3.1301,0.3564,112.7943,274.4583,137.2292,2.1162,0.1769,122.8802,4,2,2,4,391,0.401,2,0,0.833,"2"
-0.0679628435269599,0.322580282487989,1.63234780700572,"PVN","AL59","CON","F","s07","0003-1266","PVN_AL59_CON_F_s07_0003-1266",15106,0.4477,1.3462,285.9108,33744,767.6825,0.7195,215,251,176.6678,1.7967,0.1805,135.421,293.4131,146.7066,1.3564,0.0887,138.6881,9,4,6,4,491,0.223,4,0,0.716,"2"
2.08380713100191,-0.790136892507014,1.39206835491823,"PVN","AL59","CON","F","s07","0004-4109","PVN_AL59_CON_F_s07_0004-4109",55303,0.313,1.454,596.6381,176671,1636.725,0.8288,458,569,353.4798,1.7688,0.1595,270.7879,610.8312,305.4156,1.6114,0.1363,281.8236,36,18,18,34,1783,0.199,18,0,0.664,"3"
-1.28488090580237,0.0109784641378348,0.046134029928954,"PVN","AL61","CON","M","s07","0001-0609","PVN_AL61_CON_M_s07_0001-0609",12566,0.8037,1.3536,177.0537,15636,475.6367,0.8685,138,159,96.14,1.6615,0.16,75.9908,177.5679,88.784,1.8783,0.1854,77.4588,7,3,5,3,257,0.15,3,0,0.351,"1"
-0.402989840799335,-1.37506218230409,-0.0399641468662137,"PVN","AL61","CON","M","s07","0002-0642","PVN_AL61_CON_M_s07_0002-0642",21701,0.7986,1.4339,222.5758,27173,612.4458,0.9104,155,224,114.5406,1.4468,0.0941,100.304,222.8885,111.4442,1.4728,0.1009,100.524,19,9,10,14,533,0.12,8,1,0.282,"1"
0.291649293390361,0.877276491237076,-1.77878074987021,"PVN","AL61","CON","M","s07","0003-1516","PVN_AL61_CON_M_s07_0003-1516",17417,0.7211,2.7792,303.8421,24155,689.7989,0.6379,156,287,160.6042,3.2925,0.2865,122.5502,303.8421,151.921,2.6907,0.2581,122.2658,21,12,6,26,541,0.11,12,0,0.646,"3"
0.295418637957122,0.314570039823336,-1.37531315637758,"PVN","AL61","CON","M","s07","0004-3080","PVN_AL61_CON_M_s07_0004-3080",16508,0.5355,2.3491,303.2689,30826,728.6418,0.7296,140,298,165.6514,2.1647,0.2131,125.4331,303.2689,151.6344,3.8088,0.2337,130.1489,20,10,10,22,640,0.135,10,0,0.405,"3"
0.882993236979866,1.81473099644347,-0.14353660205102,"PVN","AL62","CON","F","s07","0001-0445","PVN_AL62_CON_F_s07_0001-0445",22140,0.5177,3.4985,438.4393,42765,979.2957,0.5604,224,407,254.6813,3.8454,0.2475,192.8489,438.4393,219.2196,3.047,0.157,199.7006,11,5,7,9,525,0.191,5,0,0.775,"2"
-0.439465509328794,-0.0507503973299256,0.303719369588257,"PVN","AL62","CON","F","s07","0002-0540","PVN_AL62_CON_F_s07_0002-0540",13725,0.614,1.5776,229.1244,22355,596.2745,0.7901,198,182,137.7283,2.1638,0.2698,101.8646,229.6954,114.8477,1.3099,0.075,107.8567,12,6,6,10,456,0.152,6,0,0.468,"1"
0.414698303662876,1.09547907848446,-0.536773353814832,"PVN","AL62","CON","F","s07","0003-1064","PVN_AL62_CON_F_s07_0003-1064",12350,0.3961,2.5481,316.223,31176,762.0875,0.6746,233,281,185.942,3.0577,0.2901,138.7471,316.5815,158.2908,2.3021,0.2203,137.2296,15,8,6,18,485,0.135,8,0,0.913,"3"
-0.381533850536555,0.56878339089384,-1.83433296369514,"PVN","AL62","CON","F","s07","0004-1084","PVN_AL62_CON_F_s07_0004-1084",12193,0.703,2.0813,232.4995,17344,554.9069,0.7078,157,205,135.4011,2.4621,0.3055,91.8081,232.4995,116.2497,3.2894,0.248,97.9987,14,6,9,14,369,0.115,5,1,0.278,"1"
0.085458736269688,0.85951886829032,-1.97020807978984,"PVN","AL62","CON","F","s07","0005-1341","PVN_AL62_CON_F_s07_0005-1341",16289,0.6261,2.3128,291.2954,26018,683.3637,0.7001,147,287,151.9137,2.7387,0.2992,110.9335,291.3074,145.6537,3.7743,0.3201,111.7832,16,8,8,18,530,0.14,8,0,0.249,"3"
-1.72130297316191,-0.86477826427543,-0.56076578293235,"PVN","AL62","CON","F","s07","0006-1344","PVN_AL62_CON_F_s07_0006-1344",8122,0.8426,1.2444,133.1353,9639,375.9848,0.8568,130,107,71.6974,1.5256,0.1226,62.5514,137.8805,68.9403,1.4603,0.1116,62.8911,10,5,5,9,208,0.09,5,0,0.177,"1"
-1.19494871559308,-0.397027831115838,-0.939663034118573,"PVN","AL62","CON","F","s07","0007-1629","PVN_AL62_CON_F_s07_0007-1629",10025,0.7958,1.4417,163.6704,12597,434.2837,0.8393,132,150,96.0442,1.8921,0.1968,70.9684,164.4253,82.2126,2.1524,0.1376,75.6091,11,5,7,15,282,0.112,5,0,0.22,"1"
-0.25633314474755,-0.321496762325469,0.134072504532591,"PVN","AL62","CON","F","s07","0008-1888","PVN_AL62_CON_F_s07_0008-1888",22269,0.7206,1.6185,259.4167,30905,668.7707,0.8683,201,229,137.0139,1.6846,0.1734,110.1833,259.5762,129.7881,1.7196,0.1766,110.3302,13,6,8,8,483,0.151,6,0,0.375,"1"
-0.924536787675252,-0.340085713971276,0.499432289697047,"PVN","AL62","CON","F","s07","0009-2305","PVN_AL62_CON_F_s07_0009-2305",20978,0.872,1.4573,214.8697,24058,580.5803,0.8969,214,150,114.2774,1.6006,0.1078,97.0294,215.3472,107.6736,1.8654,0.118,98.5674,7,3,5,5,238,0.135,3,0,0.232,"1"
0.828353136710644,-0.524839404983116,-0.868659436933134,"PVN","AL62","CON","F","s07","0010-3048","PVN_AL62_CON_F_s07_0010-3048",23770,0.5756,2.4349,376.012,41299,881.4109,0.668,153,378,193.8174,2.2069,0.1967,164.1321,376.012,188.006,1.5487,0.1379,165.9024,34,18,14,36,787,0.097,18,0,0.351,"3"
0.206478417285511,-0.626517493630177,-0.117357349342534,"PVN","AL62","CON","F","s07","0011-3020","PVN_AL62_CON_F_s07_0011-3020",18222,0.5024,1.4872,289.3804,36273,728.8143,0.8581,195,249,162.1682,1.9283,0.2098,117.8583,289.3804,144.6902,1.6335,0.1458,123.2835,22,11,11,21,633,0.121,11,0,0.493,"3"
-0.0877576424474237,1.10956156513363,-1.29915918264721,"PVN","AL62","CON","F","s07","0012-3085","PVN_AL62_CON_F_s07_0012-3085",18743,0.7727,2.8889,298.7189,24255,683.3258,0.6528,292,134,154.6656,2.9979,0.2992,114.9121,298.7189,149.3595,2.3096,0.2538,117.7576,11,5,7,11,377,0.14,5,0,0.263,"3"
-0.210924131397686,1.50087730297639,2.14942092680976,"PVN","AL62","CON","F","s07","0013-3205","PVN_AL62_CON_F_s07_0013-3205",11772,0.3618,1.5346,287.8976,32538,717.2023,0.7949,227,209,171.8035,2.2398,0.3013,114.0168,287.8976,143.9488,1.6612,0.1338,125.0645,5,2,4,4,504,0.389,2,0,1.202,"2"
0.0456753083917095,-0.731273556254519,1.19502200584278,"PVN","AL62","CON","F","s07","0014-3983","PVN_AL62_CON_F_s07_0014-3983",14730,0.367,1.4521,271.5971,40131,764.3722,0.8631,197,273,164.3112,1.687,0.1757,131.6597,273.5163,136.7581,1.122,0.0322,131.8987,15,7,9,13,617,0.166,7,0,0.418,"3"
-0.949424999503935,-1.31656149471511,-0.677966169016715,"PVN","AL62","CON","F","s07","0015-4253","PVN_AL62_CON_F_s07_0015-4253",13178,0.7964,1.3697,176.3009,16546,488.3418,0.8719,128,164,91.4435,1.4931,0.1139,78.9075,176.3552,88.1776,1.471,0.1081,79.8341,18,9,9,19,319,0.076,9,0,0.232,"1"
-2.34461291635905,0.578219487043214,-0.661335005042988,"PVN","AL64","CON","F","s07","0001-0618","PVN_AL64_CON_F_s07_0001-0618",6352,0.9042,1.4414,123.7942,7025,319.2835,0.866,99,106,66.5675,1.7042,0.1896,50.2582,123.7942,61.8971,2.2361,0.2428,51.7799,3,1,3,3,112,0.155,1,0,0.181,"1"
-0.365626775543768,-0.228055742254987,1.26582822827809,"PVN","AL64","CON","F","s07","0002-1404","PVN_AL64_CON_F_s07_0002-1404",12335,0.4915,1.239,249.0883,25095,685.8173,0.6705,193,244,139.611,1.4411,0.0896,123.1836,263.1516,131.5758,1.4284,0.0731,126.6859,9,4,6,8,415,0.183,4,0,0.449,"1"
0.777664532151852,-0.87185719818758,0.532622773514786,"PVN","AL64","CON","F","s07","0003-2381","PVN_AL64_CON_F_s07_0003-2381",20664,0.3878,1.4357,355.456,53292,912.2504,0.8047,355,265,207.0542,1.7374,0.1798,154.9636,355.456,177.728,1.4046,0.0998,161.1521,27,13,15,25,843,0.124,13,0,0.529,"3"
0.826771760418792,1.11768448126122,-1.00692608576721,"PVN","AL64","CON","F","s07","0004-2527","PVN_AL64_CON_F_s07_0004-2527",16855,0.3829,2.3419,374.7066,44015,891.5338,0.6959,374,167,219.415,2.6884,0.2668,161.3753,374.7066,187.3533,5.133,0.2566,162.1573,20,10,10,14,677,0.139,10,0,0.863,"3"
-0.993402357074877,-0.407352756394572,-0.121376261121348,"PVN","AL64","CON","F","s07","0005-4053","PVN_AL64_CON_F_s07_0005-4053",8569,0.5812,1.4064,179.3683,14743,479.8383,0.8046,162,158,103.0579,1.7948,0.1829,83.1657,182.9956,91.4978,1.4782,0.1124,82.6459,10,4,7,13,299,0.123,3,1,0.308,"1"
1.51424861846885,-0.571581826067834,1.44617406186917,"PVN","AL65","CON","F","s07","0001-0930","PVN_AL65_CON_F_s07_0001-0930",34324,0.3433,1.475,501.2704,99969,1266.6161,0.783,426,336,277.5109,1.5683,0.1478,220.261,501.2704,250.6352,1.6347,0.1146,227.5447,29,16,10,30,1573,0.21,16,0,0.859,"3"
0.809659449790612,0.76641862381765,2.35426528526101,"PVN","AL65","CON","F","s07","0002-1802","PVN_AL65_CON_F_s07_0002-1802",18377,0.2786,1.7344,407.4138,65966,1059.8126,0.738,325,370,241.3043,1.9542,0.1977,185.1833,411.6697,205.8348,1.4544,0.1038,191.2766,10,5,5,11,717,0.296,5,0,1.265,"2"
1.22327955134477,0.822175118250819,-0.613400951596697,"PVN","AL65","CON","F","s07","0003-2423","PVN_AL65_CON_F_s07_0003-2423",17432,0.3419,2.408,465.244,50981,1034.5103,0.5986,377,278,236.321,2.6415,0.2429,203.8399,465.244,232.622,2.7736,0.2495,203.2857,26,15,7,21,876,0.138,15,0,0.666,"3"
0.603793710168556,-0.245372964510013,0.765699654441254,"PVN","AL65","CON","F","s07","0004-2482","PVN_AL65_CON_F_s07_0004-2482",20225,0.3701,1.106,319.4276,54654,923.6713,0.805,299,284,195.9848,2.1437,0.259,144.3153,341.0466,170.5233,1.5673,0.1237,155.2244,20,11,7,17,937,0.186,11,0,0.546,"3"
0.363785128575719,-0.0368746286603355,1.21417310696056,"PVN","AL67","CON","M","s07","0001-0764","PVN_AL67_CON_M_s07_0001-0764",20512,0.4594,1.5228,351.2791,44645,889.1131,0.7097,226,353,191.8867,1.5688,0.1585,163.1122,351.572,175.786,1.4813,0.1139,164.3908,12,6,6,10,598,0.195,6,0,0.459,"3"
-0.620030988040064,-0.525949215868692,0.178014860805906,"PVN","AL67","CON","M","s07","0002-1528","PVN_AL67_CON_M_s07_0002-1528",18759,0.7274,1.3893,225.8938,25790,605.1653,0.8849,155,216,118.1184,1.7059,0.1407,96.875,225.8938,112.9469,1.6342,0.1448,97.3866,11,5,7,9,377,0.144,5,0,0.285,"1"
2.12017486912871,0.137582305697955,-0.357023408230954,"PVN","AL67","CON","M","s07","0003-1849","PVN_AL67_CON_M_s07_0003-1849",26737,0.277,3.0408,608.7635,96516,1395.1996,0.6231,354,542,328.9879,2.8191,0.2273,254.4766,608.7635,304.3818,1.8611,0.1793,263.3713,45,25,14,56,1169,0.11,24,1,0.907,"3"
0.306522121407373,-1.10968152567822,0.78728082922758,"PVN","AL73","COLD","M","s07","0001-0201","PVN_AL73_COLD_M_s07_0001-0201",18562,0.4116,1.3159,294.3909,45100,819.623,0.8436,245,263,161.3198,1.5703,0.1517,137.6434,296.558,148.279,1.2107,0.0641,140.9991,20,9,12,19,607,0.124,8,1,0.432,"3"
0.649589004397178,-0.439359620187255,0.868717340208291,"PVN","AL73","COLD","M","s07","0002-2797","PVN_AL73_COLD_M_s07_0002-2797",27420,0.4778,1.4831,364.7259,57388,978.9666,0.7525,241,366,211.9212,1.6664,0.1424,168.1413,376.9659,188.483,1.5504,0.1283,173.5386,17,8,10,14,774,0.181,8,0,0.35,"3"
-2.36408358422173,2.35772950000903,0.784598689968616,"PVN","AL73","COLD","M","s07","0003-3628","PVN_AL73_COLD_M_s07_0003-3628",5867,0.828,1.9989,135.9301,7086,334.9868,0.7935,128,97,77.6784,2.327,0.2792,51.5138,135.9301,67.9651,2.3336,0.2253,54.0722,1,0,2,0,113,0.455,0,0,0.455,"2"
1.6165312247086,1.024327502915,-1.77779419221754,"PVN","AL73","COLD","M","s07","0004-4207","PVN_AL73_COLD_M_s07_0004-4207",13636,0.3223,4.529,484.7535,42307,1055.9048,0.4768,408,296,257.7958,4.2133,0.2138,206.8743,484.7535,242.3768,2.9694,0.1942,210.96,41,23,12,44,777,0.082,22,1,0.823,"3"
2.03738359076418,-1.24509989043798,0.00538280598362552,"PVN","AL74","COLD","F","s07","0001-1372","PVN_AL74_COLD_F_s07_0001-1372",45572,0.3953,1.5535,494.6959,115272,1303.8234,0.8521,310,492,274.0241,2.0028,0.172,218.6804,497.8382,248.9191,2.2316,0.1506,221.2876,65,35,22,76,2259,0.144,32,3,1.087,"3"
0.775506613864589,-0.567213346785646,-0.345539879378308,"PVN","AL74","COLD","F","s07","0002-3315","PVN_AL74_COLD_F_s07_0002-3315",22136,0.459,2.0218,359.3564,48229,889.9358,0.7652,317,276,185.257,1.9955,0.1709,159.2068,359.3564,179.6782,1.8355,0.1604,159.125,28,14,14,28,807,0.118,14,0,0.356,"3"
1.40022327279607,-0.750177415860897,1.61180591886827,"PVN","AL74","COLD","F","s07","0003-4103","PVN_AL74_COLD_F_s07_0003-4103",34452,0.3269,1.3392,483.149,105394,1270.8592,0.82,483,368,263.5235,1.4652,0.1101,216.5332,483.2673,241.6336,1.6202,0.1257,222.038,24,11,14,15,1103,0.178,10,1,0.759,"3"
0.820351751858899,-1.59079421858164,-0.334684636957677,"PVN","AL75","COLD","M","s07","0001-1561","PVN_AL75_COLD_M_s07_0001-1561",34693,0.6606,1.1297,313.7037,52521,895.218,0.8235,313,278,178.9411,1.7636,0.1752,149.7409,329.6955,164.8477,1.4756,0.121,150.1708,42,22,17,41,1104,0.111,21,1,0.327,"3"
0.428516017947857,-1.98705692054238,-0.110249054456778,"PVN","AL75","COLD","M","s07","0002-2957","PVN_AL75_COLD_M_s07_0002-2957",29381,0.6886,1.1365,265.7536,42666,788.6068,0.8621,261,253,151.9088,1.4427,0.1128,132.6132,286.8267,143.4133,1.3018,0.078,134.3012,36,18,17,43,918,0.111,17,1,0.226,"3"
-0.293027807369782,-1.20768688862721,0.9280888020826,"PVN","AL75","COLD","M","s07","0003-3069","PVN_AL75_COLD_M_s07_0003-3069",23670,0.7195,1.1365,234.9404,32900,694.6851,0.8567,232,236,130.3828,1.4427,0.0699,116.8515,245.2564,122.6282,1.2688,0.0565,117.9752,14,7,7,15,495,0.144,7,0,0.298,"1"
0.491348796973818,-0.459246650307208,-0.104440275554037,"PVN","AL75","COLD","M","s07","0004-4319","PVN_AL75_COLD_M_s07_0004-4319",22539,0.4948,1.8655,335.4102,45556,840.502,0.8104,199,333,171.7398,1.7653,0.1902,146.0832,335.4102,167.7051,1.6416,0.1885,144.7919,21,10,12,20,688,0.133,10,0,0.388,"3"
1.99435703222272,1.58941846233007,-0.106116873683896,"PVN","AL77","COLD","M","s07","0001-0945","PVN_AL77_COLD_M_s07_0001-0945",28513,0.342,3.7087,667.1079,83381,1464.9268,0.4883,167,669,378.7597,3.1606,0.3183,273.1737,667.1079,333.554,2.2321,0.216,287.7467,24,12,12,20,1202,0.195,12,0,1.121,"3"
1.32066257353008,-0.570054118271472,0.377508936547279,"PVN","AL77","COLD","M","s07","0002-1483","PVN_AL77_COLD_M_s07_0002-1483",26799,0.3597,1.8799,442.7302,74497,1099.3713,0.7746,254,421,226.1074,1.7882,0.1862,188.718,442.7302,221.3651,1.6011,0.1545,188.0531,36,20,12,36,1182,0.134,20,0,0.893,"3"
-0.297658531540864,-0.981800418648036,0.101851055695382,"PVN","AL77","COLD","M","s07","0003-2441","PVN_AL77_COLD_M_s07_0003-2441",14886,0.5915,1.5692,241.2074,25165,625.1021,0.8093,241,175,131.7337,1.464,0.1335,107.3712,241.2074,120.6037,1.3265,0.0897,110.0784,19,10,8,12,526,0.111,10,0,0.238,"1"
1.59754180424496,-1.86083017771385,0.114742319999479,"PVN","AL77","COLD","M","s07","0004-2849","PVN_AL77_COLD_M_s07_0004-2849",37385,0.4384,1.1528,400.8242,85271,1122.7649,0.85,324,361,253.4393,1.8994,0.1732,188.9425,409.7736,204.8868,1.3083,0.0868,191.5479,65,34,25,69,1641,0.107,31,3,0.747,"3"
0.325659845380376,0.303057202187452,-0.150904650123594,"PVN","AL77","COLD","M","s07","0005-2975","PVN_AL77_COLD_M_s07_0005-2975",18212,0.5546,2.3157,313.7897,32841,772.7933,0.691,313,153,175.2806,3.0661,0.2509,140.6111,314.019,157.0095,1.4679,0.0933,146.0586,17,9,7,23,511,0.126,9,0,0.596,"3"
1.54750330986268,0.0231576728158782,1.37437336257821,"PVN","AL78","COLD","F","s07","0001-2891","PVN_AL78_COLD_F_s07_0001-2891",29821,0.2886,1.5456,504.2192,103336,1279.1045,0.7937,392,431,315.0516,2.0976,0.2719,214.8074,504.2192,252.1096,1.7461,0.1161,229.0461,22,11,9,23,1325,0.242,9,2,0.829,"3"
0.643057042556732,-0.830271712553047,0.461147875564573,"PVN","AL83","COLD","M","s07","0001-0717","PVN_AL83_COLD_M_s07_0001-0717",20753,0.4621,1.6005,334.6117,44913,851.9583,0.7776,323,246,190.7196,1.7287,0.1547,147.0199,334.6117,167.3059,1.4278,0.0932,152.5345,25,13,10,29,733,0.124,12,1,0.663,"3"
-0.43044247297646,0.270668525637566,-0.330655653066545,"PVN","AL83","COLD","M","s07","0002-1525","PVN_AL83_COLD_M_s07_0002-1525",17919,0.7842,2.1209,252.8735,22851,621.0317,0.7445,252,139,149.663,2.2094,0.2116,108.5176,252.8735,126.4367,1.8427,0.1461,111.9292,11,5,7,5,332,0.12,5,0,0.29,"1"
1.22478102898727,-0.796260516018633,0.118026255093521,"PVN","AL83","COLD","M","s07","0003-1775","PVN_AL83_COLD_M_s07_0003-1775",24225,0.4056,1.7764,426.9192,59733,1042.0466,0.6913,257,408,223.4109,1.8319,0.2157,183.3534,426.9192,213.4596,1.3583,0.095,195.0328,36,20,11,47,988,0.117,19,1,0.56,"3"
1.37250756070666,1.10151830050165,-0.0355516340479874,"PVN","AL83","COLD","M","s07","0004-2787","PVN_AL83_COLD_M_s07_0004-2787",14920,0.2506,2.8016,503.16,59526,1134.8214,0.5808,456,273,273.3422,2.433,0.2912,213.9939,503.16,251.58,2.4013,0.2261,215.1483,19,8,12,16,727,0.154,6,2,0.896,"3"
1.26573857706117,0.0919413142674495,1.99450912805442,"PVN","AL83","COLD","M","s07","0005-3893","PVN_AL83_COLD_M_s07_0005-3893",23401,0.2522,1.345,453.8249,92779,1209.9041,0.7964,450,335,286.6551,1.9618,0.2339,204.9133,461.0307,230.5154,1.373,0.1019,211.9653,18,9,9,17,980,0.22,9,0,1.175,"2"
0.233708753217468,1.22446483708082,-1.78970367246371,"PVN","AL85","COLD","F","s07","0001-0630","PVN_AL85_COLD_F_s07_0001-0630",16237,0.5689,2.6381,315.7673,28543,737.8902,0.6588,315,128,173.2079,2.9707,0.3802,118.4626,315.7708,157.8854,2.9839,0.3265,121.0518,16,8,8,12,568,0.142,8,0,0.28,"3"
-0.753129322741507,-1.10266565681244,0.620979193875197,"PVN","AL85","COLD","F","s07","0003-0909","PVN_AL85_COLD_F_s07_0003-0909",16224,0.7173,1.0904,196.1632,22619,564.3115,0.8926,171,190,107.4675,1.4503,0.1126,92.0597,196.6259,98.3129,1.3318,0.0607,93.2992,13,6,8,10,438,0.142,6,0,0.346,"1"
1.14572962829141,-0.984002029546928,-0.664208128594002,"PVN","AL85","COLD","F","s07","0004-1936","PVN_AL85_COLD_F_s07_0004-1936",25654,0.3959,1.3229,363.7485,64799,985.8934,0.8378,327,302,218.0681,1.9037,0.234,159.3725,364.7886,182.3943,2.5705,0.1654,167.8657,48,27,15,51,1210,0.104,27,0,0.46,"3"
1.25644853866258,0.0063630237007681,-0.528296637022945,"PVN","AL85","COLD","F","s07","0005-2334","PVN_AL85_COLD_F_s07_0005-2334",21348,0.3193,1.9905,443.2076,66859,1064.0145,0.7421,356,316,242.9868,2.7281,0.2158,190.5717,443.2076,221.6038,2.8366,0.1812,193.5634,28,14,13,27,923,0.134,13,1,0.396,"3"
-0.302834110089987,-0.634323524522237,1.09596072561902,"PVN","AL85","COLD","F","s07","0006-2447","PVN_AL85_COLD_F_s07_0006-2447",23572,0.6998,1.3663,251.1135,33685,694.395,0.8779,239,189,135.5523,1.6746,0.1226,116.0495,251.1135,125.5568,1.331,0.0661,116.3409,12,6,6,8,477,0.16,6,0,0.525,"1"
-0.954171321093947,0.429473937555923,-1.6299377641681,"PVN","AL85","COLD","F","s07","0007-2563","PVN_AL85_COLD_F_s07_0007-2563",10088,0.8277,2.0863,192.3876,12188,449.5917,0.7577,180,106,101.9712,2.3126,0.2621,76.4268,192.3876,96.1938,2.389,0.2463,77.7475,13,7,5,9,327,0.108,7,0,0.342,"1"
0.463417078637351,-0.87890949787574,-0.332767047698375,"PVN","AL85","COLD","F","s07","0008-3446","PVN_AL85_COLD_F_s07_0008-3446",22499,0.5552,1.9391,321.0389,40521,807.2401,0.7814,180,323,164.322,1.7339,0.1613,141.3948,321.144,160.572,1.5067,0.1338,143.8515,27,14,12,28,799,0.125,14,0,0.254,"3"
-0.135665448560575,1.66573351166388,1.26396267726979,"PVN","AL85","COLD","F","s07","0009-3957","PVN_AL85_COLD_F_s07_0009-3957",16392,0.5517,2.5544,323.1548,29711,768.9186,0.6315,137,325,177.5253,2.4701,0.1906,145.3151,323.3833,161.6917,1.7411,0.1699,145.2774,5,2,4,2,393,0.306,2,0,0.712,"2"
1.01537063435879,0.211250406499478,0.912760934346886,"PVN","AL80","COLD","M","s07","0001-0408","PVN_AL80_COLD_M_s07_0001-0408",25778,0.4006,2.2252,429.9442,64349,1069.2042,0.7073,418,280,224.4906,1.9748,0.1473,196.7072,430.3567,215.1784,1.8599,0.1442,197.4918,19,11,5,19,904,0.194,11,0,0.724,"3"
1.14946109824243,2.75556033025456,0.596629554657226,"PVN","AL80","COLD","M","s07","0002-0776","PVN_AL80_COLD_M_s07_0002-0776",18411,0.3273,3.0087,506.0534,56258,1107.637,0.5762,195,485,312.9019,3.6379,0.3917,209.1175,506.0534,253.0267,3.3756,0.2547,213.5714,8,3,6,10,771,0.387,2,1,1.095,"2"
0.407238574101041,-0.795844683905575,0.497813926749248,"PVN","AL80","COLD","M","s07","0003-1992","PVN_AL80_COLD_M_s07_0003-1992",21529,0.4645,1.5072,316.0775,46345,824.5545,0.8566,214,318,187.6719,1.6987,0.108,127.0508,316.0775,158.0388,1.5992,0.139,140.1407,22,12,8,20,780,0.146,12,0,0.512,"3"
0.623922269308444,0.567203009974928,-0.427662842068797,"PVN","AL80","COLD","M","s07","0004-2775","PVN_AL80_COLD_M_s07_0004-2775",17461,0.4387,1.7752,358.0642,39799,841.9358,0.7055,305,216,214.6649,2.5054,0.3036,140.6548,358.0642,179.0321,2.224,0.2302,146.8001,19,10,8,20,626,0.135,10,0,0.719,"3"
-0.0187789837759736,-0.805894447054224,1.08654712644125,"PVN","AL80","COLD","M","s07","0005-4020","PVN_AL80_COLD_M_s07_0005-4020",16931,0.4771,1.0738,250.5035,35489,740.8715,0.8125,222,239,154.3093,1.6046,0.1975,125.3851,268.3469,134.1734,1.1293,0.0367,129.2867,17,9,7,11,608,0.144,9,0,0.504,"3"
-0.562435500254398,0.599101547936044,1.1266182409617,"PVN","AL80","COLD","M","s07","0006-4019","PVN_AL80_COLD_M_s07_0006-4019",17223,0.6351,1.2129,226.2145,27117,647.2809,0.8133,208,202,148.8567,1.9634,0.2247,105.0286,239.1817,119.5909,1.9372,0.1428,107.9234,6,3,3,7,409,0.278,3,0,0.539,"2"
0.471230875234597,-0.424056696836234,-0.126483010490488,"PVN","AL80","COLD","M","s07","0007-4150","PVN_AL80_COLD_M_s07_0007-4150",19825,0.4964,1.7203,303.6593,39934,791.6131,0.8008,295,222,170.1245,2.3804,0.1714,135.7181,307.4533,153.7266,1.7587,0.145,135.0157,24,12,12,24,713,0.123,12,0,0.636,"3"
-0.965750721082661,2.97285522164055,-0.960619040957821,"PVN","AL47","CON","M","s35","0001-0132","PVN_AL47_CON_M_s35_0001-0132",9238,0.7747,3.3109,232.2154,11924,508.5499,0.5794,85,222,117.2606,3.3353,0.3361,89.2587,232.2154,116.1077,3.9662,0.3267,89.4167,3,1,3,3,238,0.307,1,0,0.695,"2"
-0.134081123342675,0.168630731969795,1.24731608367083,"PVN","AL47","CON","M","s35","0002-0960","PVN_AL47_CON_M_s35_0002-0960",15980,0.4248,1.5595,283.3461,37619,738.6879,0.8664,254,211,143.0418,1.7222,0.1613,121.2723,283.5579,141.779,1.6626,0.1591,121.3152,9,4,6,8,568,0.256,4,0,0.543,"2"
0.278105453219435,0.46212796849517,-0.618061032451456,"PVN","AL47","CON","M","s35","0003-2380","PVN_AL47_CON_M_s35_0003-2380",21082,0.6901,2.7169,325.4796,30551,750.0079,0.6825,286,213,177.2104,2.4091,0.2261,140.1453,325.4796,162.7398,1.895,0.1907,140.5548,16,9,5,19,486,0.129,9,0,0.43,"3"
-0.415283201124273,-1.12832822312469,-0.0282417182626595,"PVN","AL47","CON","M","s35","0004-2461","PVN_AL47_CON_M_s35_0004-2461",13163,0.6095,1.5356,216.1897,21595,585.1314,0.7926,159,215,126.2533,1.6353,0.1406,100.4121,217.1647,108.5824,1.1706,0.0453,104.6606,21,12,6,22,497,0.099,12,0,0.292,"1"
0.335439652691481,-0.522899235572107,-0.901258494855433,"PVN","AL47","CON","M","s35","0005-2785","PVN_AL47_CON_M_s35_0005-2785",16290,0.4695,1.4529,284.1918,34700,727.1473,0.8247,278,211,145.9825,2.0661,0.2451,118.0577,284.1918,142.0959,2.0051,0.2364,117.5585,27,15,6,37,675,0.106,12,3,0.47,"3"
-1.46789533879253,0.669518672723496,2.30937917965417,"PVN","AL47","CON","M","s35","0006-2777","PVN_AL47_CON_M_s35_0006-2777",11481,0.6923,1.2039,173.3494,16585,480.6372,0.9022,153,153,100.5389,1.603,0.1347,76.9805,173.4285,86.7143,1.3671,0.0994,80.0478,3,1,3,1,253,0.336,1,0,0.966,"2"
0.0925443100961916,1.09096975002414,-1.34464073054802,"PVN","AL47","CON","M","s35","0007-3133","PVN_AL47_CON_M_s35_0007-3133",11142,0.5676,3.1463,284.7876,19631,659.0667,0.5679,281,114,194.0061,3.931,0.4029,123.5388,285.1541,142.5771,1.6552,0.1113,129.8867,17,9,7,15,436,0.106,9,0,0.362,"3"
-1.68602731828293,-0.148564485363885,-0.4166965138431,"PVN","AL47","CON","M","s35","0008-3153","PVN_AL47_CON_M_s35_0008-3153",7361,0.7137,1.5205,143.934,10314,390.6049,0.8495,134,115,83.9061,1.9593,0.1969,64.9075,144.7148,72.3574,1.5354,0.1111,64.8267,7,3,5,5,163,0.095,3,0,0.202,"1"
-0.0562804350062419,-1.3078965114709,0.173110622267577,"PVN","AL47","CON","M","s35","0009-3673","PVN_AL47_CON_M_s35_0009-3673",19623,0.5898,1.3562,261.4441,33271,701.58,0.8494,200,230,135.6077,1.4737,0.1143,118.0434,261.5993,130.7996,1.3238,0.0863,120.8893,21,11,9,27,551,0.11,11,0,0.251,"3"
1.03568563151647,0.454755752564158,-0.0557856885702287,"PVN","AL51","CON","M","s35","0001-1124","PVN_AL51_CON_M_s35_0001-1124",30600,0.4914,1.9325,433.0416,62267,1023.6585,0.7467,355,288,254.4308,2.212,0.2966,178.5107,433.06,216.53,2.4092,0.2196,181.8254,20,11,7,21,849,0.167,11,0,0.586,"3"
0.581254888667734,-0.677675869475576,-0.615812006305691,"PVN","AL51","CON","M","s35","0002-1602","PVN_AL51_CON_M_s35_0002-1602",22561,0.5293,1.7449,329.6559,42626,805.3152,0.8259,241,295,174.2679,1.9662,0.1984,135.5193,329.6559,164.8279,1.8662,0.1919,135.3245,30,16,12,28,833,0.116,16,0,0.373,"3"
0.0455843783559605,2.65812983210648,0.247336835938244,"PVN","AL51","CON","M","s35","0003-3302","PVN_AL51_CON_M_s35_0003-3302",16295,0.6714,3.4128,359.1239,24271,772.8606,0.5106,312,191,189.8312,3.0297,0.3215,141.0307,359.1239,179.562,2.3548,0.2631,143.6376,5,2,4,2,405,0.323,2,0,0.662,"2"
0.0414115098929107,0.423978464946893,1.16696470777565,"PVN","AL51","CON","M","s35","0004-3608","PVN_AL51_CON_M_s35_0004-3608",18888,0.4713,1.8494,317.6161,40078,794.1098,0.7986,168,318,188.4676,1.8581,0.1993,132.3449,317.6161,158.8081,1.8211,0.117,143.5972,8,3,6,8,473,0.227,2,1,0.518,"2"
-0.446806802311497,-1.28267671709409,-0.0733054760888403,"PVN","AL51","CON","M","s35","0005-4310","PVN_AL51_CON_M_s35_0005-4310",15064,0.606,1.3305,212.3229,24857,592.4263,0.89,173,199,116.2547,1.5035,0.1398,96.067,214.3362,107.1681,1.3407,0.0924,98.8239,20,10,10,16,554,0.112,10,0,0.217,"1"
-0.17700276859821,-0.741545747594111,0.251403271937452,"PVN","AL55","CON","M","s35","0001-0380","PVN_AL55_CON_M_s35_0001-0380",17076,0.5681,1.1756,232.8476,30060,663.1387,0.859,226,211,146.9627,1.746,0.1794,108.5628,242.7658,121.3829,1.6321,0.119,110.5949,17,8,9,9,590,0.139,7,1,0.383,"1"
-0.872007025730268,0.575118206693931,-1.77828579642775,"PVN","AL55","CON","M","s35","0002-1730","PVN_AL55_CON_M_s35_0002-1730",11016,0.8125,2.2955,201.2585,13558,473.5744,0.7597,112,188,114.3865,2.6405,0.2986,79.1269,201.2585,100.6293,2.4333,0.2309,81.4788,12,6,6,8,269,0.094,6,0,0.256,"1"
-2.01554671599364,-1.29326199773538,-0.258356696474589,"PVN","AL55","CON","M","s35","0003-3668","PVN_AL55_CON_M_s35_0003-3668",8224,0.9347,1.1239,118.0889,8799,344.8437,0.9298,113,119,61.8157,1.3197,0.0776,55.5669,118.8228,59.4114,1.2964,0.0722,55.3972,9,4,6,8,185,0.089,4,0,0.157,"1"
-2.90408649140669,0.524604121890247,1.56384045598805,"PVN","AL55","CON","M","s35","0004-4107","PVN_AL55_CON_M_s35_0004-4107",6020,0.8915,1.1598,107.28,6753,304.5454,0.915,105,96,61.094,1.3842,0.089,48.9367,108.6485,54.3243,1.3312,0.0975,50.6677,1,0,2,0,65,0.266,0,0,0.266,"1"
1.40421820990164,-0.459252262270141,-1.03456034599955,"PVN","AL59","CON","F","s35","0001-0437","PVN_AL59_CON_F_s35_0001-0437",26801,0.4348,2.2769,442.5788,61642,1038.7315,0.7179,426,244,244.342,2.3098,0.2429,195.6758,442.5788,221.2894,2.1975,0.1869,194.1732,49,27,17,41,1143,0.096,27,0,0.387,"3"
0.323460312497626,1.02520987291509,2.18927232909568,"PVN","AL59","CON","F","s35","0002-0577","PVN_AL59_CON_F_s35_0002-0577",25329,0.4775,1.1337,327.6049,53049,931.0145,0.7691,312,281,209.0161,2.2385,0.224,152.3573,352.9077,176.4539,1.7649,0.1596,151.5322,7,3,5,5,642,0.367,3,0,0.999,"2"
0.4393779736192,1.56652322984017,-2.54404453452962,"PVN","AL59","CON","F","s35","0003-1324","PVN_AL59_CON_F_s35_0003-1324",14599,0.7189,3.5625,320.0531,20308,700.818,0.5196,144,308,167.4446,3.4507,0.2976,131.8434,320.0531,160.0266,5.3808,0.2731,133.0275,19,9,10,17,549,0.123,8,1,0.665,"3"
-1.16570699898962,-0.200875296240293,-1.28620773710271,"PVN","AL59","CON","F","s35","0004-2800","PVN_AL59_CON_F_s35_0004-2800",7933,0.7327,1.5386,159.5525,10827,414.2579,0.7928,148,118,99.1856,1.9455,0.2083,65.1006,161.2183,80.6091,2.2434,0.1865,68.9957,14,8,3,17,379,0.12,7,1,0.311,"1"
2.30289583296113,0.724967680845622,-0.480569441335512,"PVN","AL59","CON","F","s35","0005-4147","PVN_AL59_CON_F_s35_0005-4147",40180,0.2742,1.9202,678.9293,146544,1643.7457,0.6816,554,492,400.5354,3.0474,0.3209,278.57,678.9293,339.4647,4.4257,0.2381,296.4539,35,18,16,32,1400,0.158,18,0,0.591,"3"
0.768736056293216,-0.0309706626107526,0.507572027820025,"PVN","AL61","CON","M","s35","0001-0504","PVN_AL61_CON_M_s35_0001-0504",24261,0.5024,2.4855,398.6001,48287,928.6423,0.7036,228,364,211.4487,1.699,0.1357,171.3868,398.6001,199.3,1.7343,0.1411,173.6959,18,9,9,21,679,0.155,9,0,0.723,"3"
0.820864018809768,-1.47825227586534,-0.515460478250472,"PVN","AL61","CON","M","s35","0002-0744","PVN_AL61_CON_M_s35_0002-0744",24218,0.5247,1.6754,322.7212,46154,835.8036,0.8303,318,206,182.7244,1.779,0.1886,142.9986,322.7212,161.3606,1.4447,0.1012,146.3656,46,24,18,42,970,0.088,22,2,0.475,"3"
-0.307183784763977,-0.621324916731624,0.569827720160068,"PVN","AL61","CON","M","s35","0003-1573","PVN_AL61_CON_M_s35_0003-1573",13228,0.479,1.2957,228.8777,27616,663.9092,0.7873,173,226,142.1048,1.7055,0.1962,113.6221,243.0335,121.5167,1.22,0.0609,115.9941,14,7,7,13,483,0.143,7,0,0.302,"1"
1.02633668241318,-1.37511055557136,0.399194205031026,"PVN","AL61","CON","M","s35","0004-1668","PVN_AL61_CON_M_s35_0004-1668",27329,0.418,1.2318,349.0516,65375,989.8213,0.8385,324,351,223.0376,1.893,0.2268,166.5582,350.2262,175.1131,1.1998,0.0587,167.6477,37,20,12,38,1156,0.13,18,2,0.381,"3"
-0.836787489413936,-0.54112863209261,-1.14855174908815,"PVN","AL62","CON","F","s35","0001-0069","PVN_AL62_CON_F_s35_0001-0069",10274,0.7451,1.4993,181.6398,13788,465.218,0.8006,152,138,111.111,1.9381,0.2498,79.8881,181.6398,90.8199,1.7249,0.1493,80.7052,16,7,10,17,406,0.116,6,1,0.214,"1"
-0.729724830353044,0.212973311787849,-0.648062945417893,"PVN","AL62","CON","F","s35","0002-0140","PVN_AL62_CON_F_s35_0002-0140",15319,0.7728,1.4319,210.6229,19824,557.638,0.8011,177,187,111.432,2.0767,0.1833,91.6552,212.5461,106.2731,2.9542,0.2064,92.7441,10,5,5,7,343,0.139,5,0,0.32,"1"
0.585467300866215,1.54979707239987,0.068067048495732,"PVN","AL62","CON","F","s35","0003-0184","PVN_AL62_CON_F_s35_0003-0184",13947,0.4905,2.9758,362.7134,28433,819.4075,0.5321,345,189,251.657,3.2821,0.4612,148.7379,362.7134,181.3567,1.3573,0.0884,167.8759,13,7,5,17,516,0.168,7,0,0.942,"2"
0.328767198176045,-0.429993355502346,-0.194542407618961,"PVN","AL62","CON","F","s35","0004-0800","PVN_AL62_CON_F_s35_0004-0800",16715,0.6514,2.907,311.8541,25661,721.0636,0.6202,247,230,162.6071,1.504,0.1229,140.7558,311.8541,155.9271,1.3667,0.0948,140.897,26,15,7,23,600,0.098,15,0,0.653,"3"
-0.0791556068994618,-0.648250583171539,-1.41394673413491,"PVN","AL62","CON","F","s35","0005-0974","PVN_AL62_CON_F_s35_0005-0974",15827,0.7009,1.7841,246.0325,22582,596.7905,0.7968,148,237,127.7664,2.0153,0.2164,100.4717,246.0325,123.0163,2.05,0.195,102.3143,27,13,15,25,660,0.105,13,0,0.305,"3"
-0.293375584682002,-0.0766437685892421,-0.70108213248203,"PVN","AL62","CON","F","s35","0006-1220","PVN_AL62_CON_F_s35_0006-1220",11446,0.5866,1.5466,241.2986,19514,600.0702,0.681,143,243,137.9331,2.357,0.3015,99.2247,241.4575,120.7288,1.4439,0.1288,109.3574,15,6,10,17,397,0.111,4,2,0.303,"1"
-0.635365614778134,-0.531522571130915,-0.525749121386494,"PVN","AL62","CON","F","s35","0007-1526","PVN_AL62_CON_F_s35_0007-1526",16941,0.825,1.5963,206.6495,20534,541.2785,0.8807,160,202,108.4136,1.775,0.1708,87.0974,206.8351,103.4175,1.7497,0.181,86.5481,16,9,5,13,496,0.129,9,0,0.392,"1"
-0.0109914566732007,-1.38332496077065,0.666020702747061,"PVN","AL62","CON","F","s35","0008-2019","PVN_AL62_CON_F_s35_0008-2019",21255,0.5852,1.0891,247.4874,36320,711.792,0.9008,245,232,147.0577,1.6284,0.1493,118.4884,247.7266,123.8633,1.1569,0.0467,117.6395,20,9,12,18,553,0.117,8,1,0.425,"3"
-0.320728768557041,-0.27676676335102,-2.1805843111454,"PVN","AL62","CON","F","s35","0009-2803","PVN_AL62_CON_F_s35_0009-2803",12318,0.7488,2.4252,232.9378,16450,534.2475,0.7243,128,216,130.1566,2.4125,0.2428,91.2859,232.9378,116.4689,1.9974,0.2103,94.4688,26,14,10,24,402,0.067,14,0,0.147,"1"
0.144052072518676,0.657551320327309,-0.387802393584231,"PVN","AL62","CON","F","s35","0010-2839","PVN_AL62_CON_F_s35_0010-2839",18084,0.6824,3.1152,315.7847,26502,731.1146,0.623,309,140,182.9268,2.5853,0.2021,139.4705,315.7847,157.8924,1.8005,0.1417,142.9155,12,5,8,14,447,0.156,4,1,0.402,"3"
-1.45877606785243,1.40475720286733,-0.0833409560734388,"PVN","AL62","CON","F","s35","0011-2952","PVN_AL62_CON_F_s35_0011-2952",11077,0.8876,2.0158,193.5071,12480,449.8896,0.7748,151,135,102.157,2.3004,0.2444,74.4773,193.5071,96.7536,2.0885,0.2486,75.1975,3,1,3,3,179,0.251,1,0,0.301,"1"
-0.379397727313771,-1.07847475437302,-0.623056399625164,"PVN","AL62","CON","F","s35","0012-3082","PVN_AL62_CON_F_s35_0012-3082",15376,0.7227,1.503,218.2132,21276,581.5826,0.7905,216,154,121.8984,1.704,0.1818,97.7147,220.5668,110.2834,1.4173,0.0871,102.5815,23,13,7,29,526,0.099,13,0,0.182,"1"
-0.401063009651044,-0.343695093215069,-0.716202962681326,"PVN","AL62","CON","F","s35","0013-3495","PVN_AL62_CON_F_s35_0013-3495",11665,0.5598,1.6831,218.8744,20839,561.3113,0.8311,129,215,113.4485,2.1674,0.2173,90.0957,219.6295,109.8147,1.6377,0.1848,92.6995,17,8,9,19,496,0.125,7,1,0.516,"1"
-0.981048786543327,1.74000612475863,-0.694655035089624,"PVN","AL62","CON","F","s35","0014-3884","PVN_AL62_CON_F_s35_0014-3884",6916,0.5428,2.334,207.8702,12741,482.4014,0.688,132,174,130.4495,3.0622,0.369,79.5707,207.8702,103.9351,2.1338,0.2348,84.3388,5,2,4,6,220,0.188,2,0,0.485,"1"
-1.12861370908843,4.05643578181299,1.5561093947875,"PVN","AL62","CON","F","s35","0015-4187","PVN_AL62_CON_F_s35_0015-4187",8444,0.71,3.8827,240.6076,11893,534.0949,0.5239,220,124,127.1622,3.9249,0.2299,104.8772,240.608,120.304,3.0583,0.2116,107.1904,1,0,2,0,193,0.757,0,0,0.757,"2"
-0.927083125590383,0.392410469431127,-0.115303364036121,"PVN","AL62","CON","F","s35","0016-4245","PVN_AL62_CON_F_s35_0016-4245",13448,0.7619,1.9483,207.9543,17650,533.6078,0.779,117,200,112.4269,2.2278,0.189,91.5133,207.962,103.981,1.8284,0.1398,92.9582,7,3,5,7,242,0.144,3,0,0.412,"1"
-0.338833592905045,-0.299163637262599,0.242383686210144,"PVN","AL64","CON","F","s35","0001-0195","PVN_AL64_CON_F_s35_0001-0195",13044,0.5365,1.5201,236.9072,24314,627.2449,0.7766,235,168,133.744,1.9099,0.1981,105.8077,238.8476,119.4238,1.4017,0.1131,109.1496,13,6,7,11,487,0.153,5,1,0.373,"1"
-2.7338258325,-0.408018785149465,0.0983482314298132,"PVN","AL64","CON","F","s35","0002-0532","PVN_AL64_CON_F_s35_0002-0532",6225,0.9531,1.1981,101.789,6531,293.5197,0.9526,83,101,55.5297,1.42,0.0957,47.0745,102.4097,51.2049,1.4877,0.0946,47.1386,3,1,3,3,78,0.111,1,0,0.156,"1"
-1.97135320962934,0.372667397072411,-0.477238202514851,"PVN","AL64","CON","F","s35","0003-2253","PVN_AL64_CON_F_s35_0003-2253",6731,0.8069,1.4741,136.4588,8342,354.8597,0.8325,127,97,79.5963,1.9564,0.1978,57.7911,137.2098,68.6049,1.9946,0.1632,59.98,5,2,4,2,145,0.122,2,0,0.265,"1"
-1.08458550396854,-0.925249144451328,0.206531881576773,"PVN","AL64","CON","F","s35","0004-2412","PVN_AL64_CON_F_s35_0004-2412",11211,0.686,1.1013,165.6804,16342,479.7117,0.8924,164,146,93.0364,1.482,0.1332,78.9669,171.1331,85.5666,1.415,0.0974,80.3024,11,5,7,15,373,0.144,5,0,0.316,"1"
0.141941326993509,-1.12266818421235,0.523790028187551,"PVN","AL64","CON","F","s35","0005-2705","PVN_AL64_CON_F_s35_0005-2705",13331,0.3692,1.3206,267.6864,36111,771.7474,0.7619,246,224,144.2411,1.3959,0.0876,134.2675,286.3062,143.1531,1.3694,0.0847,134.0799,21,10,12,22,530,0.105,10,0,0.39,"3"
-1.69663857414487,-0.915359089610124,-0.0961652269014855,"PVN","AL64","CON","F","s35","0006-3140","PVN_AL64_CON_F_s35_0006-3140",9660,0.8559,1.3375,144.9414,11286,394.5985,0.9108,133,123,76.0962,1.3504,0.0925,65.8938,144.9414,72.4707,1.4273,0.0948,65.8801,8,4,4,10,181,0.098,4,0,0.188,"1"
-1.25204209345176,0.00633857754109429,-0.513706794572459,"PVN","AL64","CON","F","s35","0007-3853","PVN_AL64_CON_F_s35_0007-3853",8982,0.7139,1.3865,172.2556,12582,439.988,0.8167,167,117,102.26,1.971,0.2369,68.8627,172.2556,86.1278,1.7651,0.1542,75.9025,9,4,6,6,262,0.124,4,0,0.274,"1"
1.42030873530335,2.3638803210361,0.963672345330508,"PVN","AL65","CON","F","s35","0001-0984","PVN_AL65_CON_F_s35_0001-0984",21412,0.2714,2.3624,555.4899,78901,1262.5106,0.622,476,301,370.534,3.2942,0.432,188.196,555.4899,277.7449,2.724,0.2538,218.3915,11,5,7,7,1005,0.338,5,0,1.187,"2"
0.0563834090195287,-1.20121664580746,-0.565303452800692,"PVN","AL65","CON","F","s35","0002-1240","PVN_AL65_CON_F_s35_0002-1240",14962,0.5128,1.3797,248.4552,29179,650.4165,0.8668,200,220,144.8085,1.8569,0.1819,109.7059,248.4552,124.2276,1.6222,0.119,110.8582,28,14,13,25,746,0.112,13,1,0.254,"3"
-1.76991141932055,-0.339010251580109,0.484168746917539,"PVN","AL65","CON","F","s35","0003-2571","PVN_AL65_CON_F_s35_0003-2571",10130,0.8281,1.1323,148.1216,12233,420.0224,0.8714,116,135,83.6797,1.5488,0.1316,67.296,148.2303,74.1151,1.4034,0.0908,68.6586,5,2,4,4,158,0.132,2,0,0.269,"1"
-1.02719787811057,0.227412940100792,0.151925277604217,"PVN","AL65","CON","F","s35","0004-3927","PVN_AL65_CON_F_s35_0004-3927",13098,0.7954,1.326,190.0658,16468,511.2392,0.7918,182,159,117.0143,2.0496,0.2064,88.3145,191.7321,95.866,2.0192,0.1153,89.2764,7,3,5,5,261,0.154,3,0,0.382,"1"
-1.36181059653277,0.0375345082311892,-0.448687986924141,"PVN","AL65","CON","F","s35","0005-4206","PVN_AL65_CON_F_s35_0005-4206",9379,0.7634,1.5114,162.7913,12286,430.1754,0.8343,161,109,92.1896,1.9534,0.1808,69.6745,166.4322,83.2161,1.6544,0.1914,69.4711,8,4,4,8,254,0.136,4,0,0.363,"1"
-0.0585052833215736,-1.02077470624984,0.0847383676004735,"PVN","AL67","CON","M","s35","0001-0329","PVN_AL67_CON_M_s35_0001-0329",14539,0.5323,1.4471,252.6064,27313,668.7655,0.7674,243,202,137.984,1.4784,0.1421,114.8761,254.2862,127.1431,1.3595,0.0887,119.5692,22,11,11,19,535,0.105,11,0,0.375,"3"
-1.281324245794,-0.377288423510359,-0.299365980770651,"PVN","AL67","CON","M","s35","0002-0564","PVN_AL67_CON_M_s35_0002-0564",11320,0.824,1.3819,175.4537,13738,447.7362,0.8612,160,135,99.5316,1.689,0.1739,69.9854,175.4537,87.7268,1.5794,0.1461,75.2935,9,4,6,6,251,0.118,4,0,0.216,"1"
0.386002017966168,0.408394103950555,-0.858717499444579,"PVN","AL67","CON","M","s35","0003-0793","PVN_AL67_CON_M_s35_0003-0793",18568,0.5221,1.9808,328.7324,35567,796.4563,0.7046,168,316,195.3758,2.431,0.2909,142.0501,329.5828,164.7914,2.2123,0.2328,143.4623,17,8,10,16,578,0.14,8,0,0.274,"3"
1.15911359151123,0.0785055611726027,-2.37391355316279,"PVN","AL67","CON","M","s35","0004-1341","PVN_AL67_CON_M_s35_0004-1341",22761,0.5542,2.1968,367.1852,41073,866.2681,0.6878,245,329,191.8415,2.581,0.2865,147.0847,367.1852,183.5926,5.3945,0.2563,153.9437,47,25,18,48,1031,0.095,24,1,0.632,"3"
-0.236534536013028,0.846287702261816,-0.515372223682019,"PVN","AL67","CON","M","s35","0005-1362","PVN_AL67_CON_M_s35_0005-1362",13796,0.6194,2.6716,272.6555,22272,651.3768,0.6596,271,118,148.3845,2.9182,0.1694,120.8612,272.6579,136.3289,2.414,0.1602,122.3671,11,5,7,5,435,0.156,5,0,0.365,"1"
0.156048984526001,0.314413888654369,-1.96935735641364,"PVN","AL67","CON","M","s35","0006-1465","PVN_AL67_CON_M_s35_0006-1465",17020,0.7328,2.0145,277.9496,23227,653.849,0.6827,145,273,157.7564,2.615,0.2859,112.4638,277.9496,138.9748,3.2666,0.245,113.495,27,16,6,22,690,0.107,16,0,0.376,"3"
-0.0234800317886346,-0.558349312392473,-0.163372764105133,"PVN","AL67","CON","M","s35","0007-1584","PVN_AL67_CON_M_s35_0007-1584",21075,0.7151,1.9098,277.8237,29471,690.2057,0.7774,245,170,151.4583,1.6892,0.151,115.8312,277.8237,138.9118,1.5355,0.1414,119.2997,18,8,10,24,557,0.131,7,0,0.378,"3"
-1.24417323158038,-0.578265509796022,0.825278861168939,"PVN","AL73","COLD","M","s35","0001-0333","PVN_AL73_COLD_M_s35_0001-0333",14254,0.8258,1.3665,181.4663,17261,496.5972,0.8796,161,147,95.0856,1.3889,0.0993,84.9335,181.5606,90.7803,1.3333,0.0743,83.853,7,3,5,5,300,0.173,3,0,0.268,"1"
0.500838618123605,1.78688298881031,-0.988098862526627,"PVN","AL73","COLD","M","s35","0002-1134","PVN_AL73_COLD_M_s35_0002-1134",15041,0.5239,2.8407,374.1403,28707,811.1219,0.5483,259,277,217.7547,2.9195,0.3589,133.5259,374.1403,187.0702,2.7593,0.3033,142.4568,12,6,6,12,494,0.172,6,0,0.653,"3"
0.948310764769143,-0.0966940961059857,-0.472723339886993,"PVN","AL73","COLD","M","s35","0003-2765","PVN_AL73_COLD_M_s35_0003-2765",23372,0.4047,1.8283,389.0116,57758,979.2784,0.7568,241,367,212.7159,2.1356,0.2592,157.0937,391.6935,195.8468,1.8536,0.2523,158.6529,27,14,12,24,1031,0.15,14,0,0.399,"3"
-1.09019784298311,-2.01259961332622,-0.782541704672769,"PVN","AL73","COLD","M","s35","0004-4264","PVN_AL73_COLD_M_s35_0004-4264",7524,0.6186,1.0554,149.372,12162,419.0701,0.8702,133,137,76.3976,1.3155,0.0942,70.9655,149.372,74.686,1.1867,0.0611,71.3978,28,14,14,22,413,0.065,14,0,0.177,"1"
1.7831194275516,1.35021837320095,0.136436438412,"PVN","AL74","COLD","F","s35","0001-0979","PVN_AL74_COLD_F_s35_0001-0979",26332,0.2955,2.955,634.2634,89097,1384.9872,0.5837,473,436,363.9382,2.7455,0.2631,248.6321,634.2634,317.1317,2.5186,0.2727,253.7256,19,9,11,15,938,0.195,9,0,0.711,"3"
0.928218866012933,-1.41455098794712,1.2985683432173,"PVN","AL74","COLD","F","s35","0002-1430","PVN_AL74_COLD_F_s35_0002-1430",25495,0.3589,1.2332,364.7246,71035,1038.7987,0.8272,340,314,187.8667,1.3828,0.0598,177.7461,371.5053,185.7527,1.3914,0.0619,177.8386,28,14,13,25,1003,0.146,13,1,0.649,"3"
1.44525380921076,1.02200167910198,-0.185885584996006,"PVN","AL74","COLD","F","s35","0003-1846","PVN_AL74_COLD_F_s35_0003-1846",25913,0.3284,2.4277,500.3299,78904,1209.7479,0.6775,477,282,292.7266,3.2788,0.2279,218.9054,500.3299,250.1649,3.8645,0.1974,226.4445,21,10,12,12,864,0.162,10,0,0.696,"3"
-0.905619809008733,-0.152381234180067,-0.261111556760872,"PVN","AL74","COLD","F","s35","0004-1909","PVN_AL74_COLD_F_s35_0004-1909",13027,0.8083,1.5078,197.0913,16116,517.4719,0.7563,127,199,108.7788,2.0107,0.1955,85.6461,200.2012,100.1006,1.4246,0.1287,88.743,10,5,5,11,332,0.142,5,0,0.286,"1"
-0.677527495465079,-0.913251128437169,-0.764300073914846,"PVN","AL74","COLD","F","s35","0005-3502","PVN_AL74_COLD_F_s35_0005-3502",16192,0.8416,1.4301,191.2538,19240,525.5353,0.8754,153,184,101.2647,1.6008,0.1431,85.8116,193.483,96.7415,1.9635,0.1577,86.9096,20,12,4,24,544,0.115,12,0,0.321,"1"
0.0165705321258791,0.395326245230637,-0.581155571637472,"PVN","AL74","COLD","F","s35","0006-3920","PVN_AL74_COLD_F_s35_0006-3920",18946,0.7003,2.001,281.7126,27054,712.5265,0.6696,167,281,179.3639,1.9225,0.2542,131.6896,284.0595,142.0298,2.4756,0.1793,129.4188,13,6,8,12,472,0.147,6,0,0.337,"3"
0.383406767366422,-0.747961914119255,-1.19731650033067,"PVN","AL74","COLD","F","s35","0007-4024","PVN_AL74_COLD_F_s35_0007-4024",20479,0.6417,1.8306,293.6154,31915,746.6966,0.7193,201,268,151.9489,1.9335,0.1669,130.4948,294.5531,147.2765,2.1973,0.1806,132.1355,29,15,12,35,693,0.104,14,1,0.246,"3"
0.523493665124978,-1.05115271537386,0.158454050307544,"PVN","AL74","COLD","F","s35","0008-4143","PVN_AL74_COLD_F_s35_0008-4143",19372,0.4578,1.6246,309.3477,42316,818.3099,0.7941,216,270,182.6858,1.7095,0.2076,142.2473,309.3477,154.6739,1.2265,0.0598,147.6462,30,16,12,34,683,0.097,16,0,0.511,"3"
0.494240644518735,0.751584184660965,0.317579559689391,"PVN","AL75","COLD","M","s35","0001-0677","PVN_AL75_COLD_M_s35_0001-0677",20287,0.5412,2.4885,356.1025,37485,844.5257,0.6605,356,166,201.8782,2.4908,0.2309,163.1714,356.2414,178.1207,1.8369,0.1415,159.7767,13,6,8,14,526,0.162,6,0,0.84,"3"
1.61705506168169,-0.424801504586467,-0.987587284214202,"PVN","AL75","COLD","M","s35","0002-1682","PVN_AL75_COLD_M_s35_0002-1682",41968,0.5418,2.3267,496.4595,77466,1149.3357,0.7369,414,297,259.6351,2.3977,0.2025,195.8,496.4595,248.2297,2.8323,0.1995,198.3425,44,23,18,45,1336,0.126,22,1,0.452,"3"
1.04571858981752,0.114839802843621,-1.18100418617174,"PVN","AL75","COLD","M","s35","0003-2945","PVN_AL75_COLD_M_s35_0003-2945",35645,0.6799,2.4689,413.7173,52423,958.0615,0.7177,227,373,230.9038,2.7632,0.2588,164.6822,413.7173,206.8586,2.1956,0.2419,164.718,30,16,12,30,905,0.127,16,0,0.4,"3"
-0.0362101144873393,-0.15997969498449,-0.696408703718322,"PVN","AL75","COLD","M","s35","0004-3227","PVN_AL75_COLD_M_s35_0004-3227",18123,0.6473,1.8897,273.6604,27998,667.3045,0.7901,273,159,141.0739,2.1178,0.2056,117.3983,274.0817,137.0408,2.029,0.201,117.2489,16,7,10,16,521,0.134,6,1,0.282,"3"
-0.548480597585404,0.173304322657379,0.66240982120413,"PVN","AL75","COLD","M","s35","0005-3849","PVN_AL75_COLD_M_s35_0005-3849",20095,0.816,1.745,248.2902,24625,616.7506,0.8135,248,157,130.9784,1.7985,0.1506,109.8013,248.2902,124.1451,1.6993,0.1387,110.34,8,4,4,6,383,0.184,4,0,0.513,"1"
-0.0153268115891139,-1.13024300801604,-0.769011464766974,"PVN","AL75","COLD","M","s35","0006-4047","PVN_AL75_COLD_M_s35_0006-4047",17395,0.6439,1.7223,241.4063,27014,638.8544,0.8318,241,175,129.7962,1.712,0.1611,107.6142,241.4083,120.7042,1.533,0.1427,108.5476,29,15,13,31,635,0.092,15,0,0.343,"3"
0.602916243462913,-0.371695596258619,0.0577924790856275,"PVN","AL75","COLD","M","s35","0007-4316","PVN_AL75_COLD_M_s35_0007-4316",21148,0.4303,1.6564,345.6848,49151,873.0339,0.8104,204,339,186.1516,1.958,0.1885,153.351,345.6848,172.8424,1.8712,0.1713,150.832,22,11,11,19,764,0.141,11,0,0.483,"3"
1.87984958128191,0.566670998556585,0.626692938874743,"PVN","AL77","COLD","M","s35","0001-1273","PVN_AL77_COLD_M_s35_0001-1273",36647,0.397,3.2284,657.5629,92316,1483.7901,0.5269,255,657,346.0143,2.0437,0.2208,287.7261,657.5629,328.7815,1.5262,0.1412,294.8155,24,13,9,27,1201,0.197,13,0,0.592,"3"
-0.610003780757943,1.26762107104375,1.86107947935048,"PVN","AL77","COLD","M","s35","0002-2512","PVN_AL77_COLD_M_s35_0002-2512",13777,0.5872,1.828,251.1135,23463,632.6054,0.7368,229,174,166.4323,2.2439,0.2854,95.0319,251.1135,125.5568,1.2399,0.0702,116.9161,4,2,2,6,353,0.351,2,0,0.744,"2"
1.16897394744865,-0.180828930526063,-0.486447116712683,"PVN","AL77","COLD","M","s35","0003-2820","PVN_AL77_COLD_M_s35_0003-2820",32261,0.5143,1.4407,424.8529,62732,1060.5549,0.7009,309,382,223.8201,1.9101,0.2064,182.0948,425.1986,212.5993,3.2454,0.2156,195.464,30,17,9,33,1072,0.147,17,0,0.441,"3"
-0.278785212525359,-0.0460755556816683,-0.05884583508114,"PVN","AL77","COLD","M","s35","0004-2930","PVN_AL77_COLD_M_s35_0004-2930",19607,0.7688,2.113,260.7623,25502,641.7339,0.7782,190,232,144.7389,1.8974,0.1709,112.5015,260.7623,130.3812,1.6454,0.1464,114.3635,13,7,5,9,427,0.137,7,0,0.402,"1"
0.106449068222164,-1.3125993514606,-0.0817379901143183,"PVN","AL78","COLD","F","s35","0001-1165","PVN_AL78_COLD_F_s35_0001-1165",15393,0.4797,1.361,257.2178,32088,705.4787,0.8102,205,258,158.1263,1.7175,0.1525,117.5645,260.3891,130.1946,1.2832,0.0661,123.1098,27,14,12,28,632,0.1,14,0,0.215,"3"
1.56843937764089,1.10235250506533,-0.393805391094061,"PVN","AL78","COLD","F","s35","0002-1841","PVN_AL78_COLD_F_s35_0002-1841",23809,0.4114,4.5001,600.8061,57879,1278.6996,0.4448,598,149,310.1774,2.0886,0.193,263.2082,600.8061,300.4031,2.2844,0.2099,262.2154,22,11,11,21,861,0.152,11,0,0.546,"3"
0.144775237042264,-0.0560585768511862,0.947574475152345,"PVN","AL78","COLD","F","s35","0003-2638","PVN_AL78_COLD_F_s35_0003-2638",26383,0.6216,1.4724,293.6154,42446,787.1278,0.8609,273,217,174.0317,2.0111,0.1869,130.6802,295.6672,147.8336,1.5104,0.1439,129.5818,13,7,5,13,632,0.2,7,0,0.746,"3"
0.225050379875225,0.971825797031092,0.767816816627873,"PVN","AL78","COLD","F","s35","0004-3289","PVN_AL78_COLD_F_s35_0004-3289",18806,0.4776,2.0435,333.7679,39379,824.2343,0.7284,329,173,215.5665,2.0359,0.2844,153.4453,334.0623,167.0312,1.8297,0.1873,146.8903,9,4,6,6,459,0.21,4,0,0.658,"2"
-0.419519898138684,1.71858891299566,0.883942270873991,"PVN","AL78","COLD","F","s35","0005-3604","PVN_AL78_COLD_F_s35_0005-3604",8228,0.3501,1.9382,262.6119,23504,640.06,0.721,187,240,155.0744,2.8575,0.2793,107.6594,262.6119,131.3059,2.6729,0.1444,115.4649,5,2,4,4,414,0.33,2,0,0.616,"2"
0.25080931347247,0.54524456204585,1.54641518522069,"PVN","AL80","COLD","M","s35","0001-0145","PVN_AL80_COLD_M_s35_0001-0145",19702,0.4794,1.3003,304.2713,41100,836.0218,0.739,246,289,221.8076,2.6684,0.3316,131.2031,316.2003,158.1001,1.124,0.0396,151.4557,10,5,5,9,545,0.212,5,0,0.864,"2"
-0.963052246504342,-0.296159948388541,-0.333755110287256,"PVN","AL80","COLD","M","s35","0002-0670","PVN_AL80_COLD_M_s35_0002-0670",12099,0.7759,1.5248,185.4319,15594,489.3584,0.8183,143,177,100.0482,1.5707,0.1531,82.192,186.1761,93.0881,2.2073,0.1391,85.1657,11,6,4,12,350,0.13,6,0,0.429,"1"
1.00830336631855,-0.270890929096303,-1.21322417461227,"PVN","AL80","COLD","M","s35","0003-2152","PVN_AL80_COLD_M_s35_0003-2152",24856,0.5414,2.4626,399.2318,45908,922.9732,0.6772,308,296,200.2421,2.3015,0.2012,168.9866,399.2318,199.6159,2.3018,0.2025,168.8947,35,19,13,39,888,0.107,19,0,0.267,"3"
-0.724613795404541,1.49691527397559,3.15394003971393,"PVN","AL80","COLD","M","s35","0004-2821","PVN_AL80_COLD_M_s35_0004-2821",10373,0.4788,1.4652,241.2986,21665,643.5924,0.6573,241,159,150.946,1.809,0.2093,115.1377,250.905,125.4525,1.1141,0.0343,121.8514,3,1,3,1,334,0.434,1,0,1.178,"2"
-1.2641220703392,0.212857014560979,0.306058077495237,"PVN","AL80","COLD","M","s35","0005-4089","PVN_AL80_COLD_M_s35_0005-4089",6402,0.5349,1.6564,172.0465,11968,441.9747,0.7699,156,135,105.3999,1.9989,0.212,76.6359,172.4328,86.2164,1.4098,0.0727,81.1373,7,3,5,5,245,0.143,3,0,0.427,"1"
-0.548619743044387,-0.00779672621849216,0.528074647400722,"PVN","AL80","COLD","M","s35","0006-4140","PVN_AL80_COLD_M_s35_0006-4140",15076,0.6465,1.3848,235.1531,23318,604.442,0.802,168,233,144.7566,1.8428,0.2563,100.9148,235.1531,117.5766,1.3751,0.1017,104.4459,9,4,6,8,378,0.169,4,0,0.357,"1"
-1.49262139700295,0.693761437026583,-1.06383785915403,"PVN","AL80","COLD","M","s35","0007-4105","PVN_AL80_COLD_M_s35_0007-4105",6233,0.7602,2.614,166.0873,8199,387.7248,0.6854,157,92,93.3106,2.5096,0.2126,68.3823,166.0873,83.0437,1.7334,0.1451,71.9613,7,3,5,5,173,0.104,3,0,0.265,"1"
-1.25807673485699,-0.798209064313434,0.388894401875909,"PVN","AL80","COLD","M","s35","0008-4163","PVN_AL80_COLD_M_s35_0008-4163",12321,0.8069,1.1372,167.5022,15270,468.0116,0.8761,156,150,86.2464,1.3772,0.1004,77.2295,171.0072,85.5036,1.4107,0.1069,76.886,9,4,6,8,327,0.154,4,0,0.305,"1"
-0.850043384720348,-0.281512109510133,-0.189804852112902,"PVN","AL83","COLD","M","s35","0001-1446","PVN_AL83_COLD_M_s35_0001-1446",14519,0.7535,1.4317,205.3801,19268,534.2243,0.8484,162,166,105.0901,1.5139,0.1358,87.4973,205.3801,102.6901,1.9925,0.2063,88.5766,10,5,5,11,381,0.165,5,0,0.304,"1"
0.710295433154814,-1.2013056808602,0.0688361868897089,"PVN","AL83","COLD","M","s35","0002-1693","PVN_AL83_COLD_M_s35_0002-1693",25107,0.477,1.4729,341.5845,52634,891.8725,0.8315,248,328,187.9709,1.5108,0.1445,155.2447,341.6311,170.8156,1.5884,0.1347,155.2277,29,15,12,32,796,0.115,14,1,0.362,"3"
0.0178125243255564,-0.901103034802956,1.60091202073998,"PVN","AL83","COLD","M","s35","0003-2785","PVN_AL83_COLD_M_s35_0003-2785",15162,0.3522,1.3273,287.6421,43045,795.1237,0.8556,258,226,147.772,1.2841,0.0718,134.8615,287.6442,143.8221,1.2119,0.0607,135.7201,13,6,8,14,598,0.182,6,0,0.436,"3"
0.986870574401655,1.70510462033209,-0.722245700468323,"PVN","AL83","COLD","M","s35","0004-3125","PVN_AL83_COLD_M_s35_0004-3125",20567,0.4788,2.8645,392.6589,42953,926.6614,0.6286,269,351,257.058,4.2916,0.4026,170.3662,392.6589,196.3294,2.6846,0.2171,169.8332,16,8,8,20,634,0.163,8,0,1.045,"3"
-0.671415254534469,0.166119779214959,0.885178332214296,"PVN","AL83","COLD","M","s35","0005-3912","PVN_AL83_COLD_M_s35_0005-3912",13404,0.6041,1.7049,234.8829,22187,606.6512,0.7576,212,174,132.605,1.7358,0.1645,107.906,235.336,117.668,1.3724,0.0997,110.4173,7,3,5,5,338,0.19,3,0,0.32,"1"
-0.0350330162149171,-1.17884907900502,0.477830234305632,"PVN","AL85","COLD","F","s35","0001-0580","PVN_AL85_COLD_F_s35_0001-0580",18964,0.546,1.2976,252.9605,34733,715.1827,0.8533,252,212,136.7988,1.3826,0.1104,120.734,261.9856,130.9928,1.3601,0.1007,121.3945,19,9,11,19,582,0.125,9,0,0.351,"3"
0.523388313576583,-0.658874384671628,-0.165286539843425,"PVN","AL85","COLD","F","s35","0002-1208","PVN_AL85_COLD_F_s35_0002-1208",21366,0.494,1.5823,334.6296,43252,814.7341,0.8188,250,249,168.8669,1.6718,0.1966,135.7797,334.6296,167.3148,1.7082,0.1922,136.4514,24,11,14,21,752,0.131,10,1,0.488,"3"
-1.03576456114372,0.382867717833802,0.0161387803681119,"PVN","AL85","COLD","F","s35","0003-2024","PVN_AL85_COLD_F_s35_0003-2024",12773,0.8164,1.7526,201.4051,15646,499.8825,0.7868,158,173,101.4248,2.0345,0.2058,81.962,201.4051,100.7025,1.6878,0.1535,83.7556,7,3,5,5,243,0.142,3,0,0.536,"1"
0.317399644234982,-0.136043448085961,-0.736796434237373,"PVN","AL85","COLD","F","s35","0004-2691","PVN_AL85_COLD_F_s35_0004-2691",27063,0.8178,2.0587,307.3191,33093,732.8727,0.7743,155,303,156.2136,2.1204,0.2236,124.7969,307.3191,153.6595,2.0431,0.2095,125.6807,21,11,7,23,822,0.164,9,2,0.563,"3"
-1.00625469495253,0.0606767075177969,-0.108598791593973,"PVN","AL85","COLD","F","s35","0005-2690","PVN_AL85_COLD_F_s35_0005-2690",11124,0.7002,1.5985,198.9271,15886,493.7369,0.8189,125,198,105.7204,1.9915,0.1822,83.1276,198.9271,99.4636,1.5999,0.1612,83.7147,8,4,4,10,322,0.164,4,0,0.308,"1"
0.614682924756258,0.638863512078209,-1.12788433497464,"PVN","AL85","COLD","F","s35","0006-3360","PVN_AL85_COLD_F_s35_0006-3360",18420,0.6251,3.5672,363.743,29469,813.7387,0.5592,222,335,189.8651,2.2867,0.2285,156.1297,363.743,181.8715,2.1352,0.2074,155.751,20,10,10,20,550,0.117,10,0,0.445,"3"
0.273069774228449,-0.916587819658962,-0.354383762384126,"PVN","AL85","COLD","F","s35","0007-4110","PVN_AL85_COLD_F_s35_0007-4110",23016,0.6432,1.5599,289.4564,35783,739.5301,0.8222,279,193,159.4595,1.8119,0.1531,123.6468,289.5214,144.7607,1.6541,0.1481,126.3204,27,15,9,31,691,0.107,15,0,0.42,"3"
0.194394691481618,0.318948304353288,-1.31629052258181,"PVN","AL85","COLD","F","s35","0008-4178","PVN_AL85_COLD_F_s35_0008-4178",15436,0.5553,2.543,302.8036,27798,709.7512,0.6934,121,303,156.7338,2.1059,0.2475,124.3529,302.8036,151.4018,2.7723,0.2188,126.5103,20,11,7,21,589,0.121,11,0,0.369,"3"
